A,B,C,D,E,F,G,H,I,J,K,L,M,N,O,P,Q,R,S,T,U,V,W,X,Y,Z
information,business,services,products,business,information,copyright,copyright,information,projects,feedback,available,information,information,information,products,required,information,business,information,business,services,software,experience,copyright,magazine
available,available,products,development,services,software,management,research,business,subjects,marketing,international,management,business,products,copyright,questions,services,services,products,products,available,following,exchange,university,magazines
software,feedback,copyright,education,available,following,shipping,shipping,services,majority,knowledge,development,comments,university,copyright,development,equipment,products,products,copyright,university,university,download,executive,community,citizens
research,building,research,reserved,software,different,technology,technology,available,objectives,networks,national,development,management,software,shipping,question,copyright,software,software,education,development,password,excellent,technology,hazardous
management,possible,comments,download,research,features,following,children,copyright,objective,background,technology,community,international,international,computer,requirements,software,research,university,community,reserved,downloads,existing,security,horizontal
international,problems,education,including,university,feedback,including,shopping,university,journals,trademarks,following,computer,comments,comments,pictures,requires,research,university,management,security,government,newsletter,expected,directory,citizenship
education,database,community,directory,management,financial,government,something,international,blowjobs,keywords,download,government,development,development,personal,techniques,university,comments,international,computer,previous,knowledge,external,property,influenza
national,subscribe,technology,children,international,performance,shopping,technical,education,jewellery,networking,personal,department,education,education,shopping,quantity,international,shipping,comments,resources,advanced,wireless,exercise,category,diazepam
download,published,security,students,comments,professional,training,together,national,injuries,packages,including,customer,national,national,previous,requests,internet,reserved,development,pictures,provided,hardware,examples,industry,freezing
personal,remember,computer,department,development,reference,categories,everything,internet,blackjack,thinking,location,complete,internet,community,department,sequence,reserved,security,education,including,activities,worldwide,approximately,analysis,horizons
location,availability,resources,description,education,specific,category,archives,community,jurisdiction,paperback,children,equipment,community,technology,description,frequently,security,resources,national,students,delivery,networks,extended,delivery,zeppelin
department,benefits,pictures,different,internet,official,register,published,shipping,judicial,breakfast,application,programs,shipping,computer,property,frequency,computer,pictures,internet,previous,provides,overview,extension,everything,schizophrenia
insurance,distribution,including,advanced,reserved,conference,programs,purchase,security,adjustment,workshop,articles,performance,technology,following,provided,requested,resources,personal,community,insurance,environment,otherwise,expression,currently,freezers
training,responsible,directory,conditions,technology,function,language,hardware,following,adjustable,basketball,complete,important,following,download,application,equivalent,pictures,students,technology,customer,individual,keywords,exclusive,availability,seizures
categories,probably,location,industry,security,benefits,something,although,pictures,projection,framework,financial,something,download,resources,complete,chequing,personal,shopping,security,features,everything,networking,exposure,activity,blizzard
advanced,publications,children,provided,computer,effective,building,exchange,including,juvenile,checkout,language,committee,personal,personal,equipment,requirement,directory,previous,computer,industry,advertising,websites,expressed,employment,oversized
category,publisher,description,required,resources,facilities,learning,anything,directory,injection,breaking,additional,problems,including,directory,programs,qualified,government,description,pictures,required,received,wholesale,experienced,anything,timezone
features,beautiful,insurance,feedback,pictures,furniture,original,clothing,location,adjusted,speakers,building,companies,location,location,performance,acquisition,children,insurance,directory,questions,archives,workshop,expenses,necessary,amazingly
accessories,football,customer,standard,personal,featured,agreement,homepage,children,projector,bookmark,analysis,computers,government,government,experience,technique,previous,customer,location,equipment,advertise,warranty,experiences,military,
application,abstract,categories,additional,directory,foundation,messages,schedule,shopping,junction,trademark,possible,entertainment,children,shopping,important,antiques,department,categories,government,language,environmental,powerful,extremely,actually,
articles,responsibility,advanced,password,government,friendly,marketing,approach,previous,adjacent,marketplace,professional,agreement,students,previous,password,subsequent,description,conditions,students,question,availability,newsletters,appendix,friendly,
feedback,publication,conditions,building,children,therefore,planning,physical,description,ejaculation,tracking,problems,messages,shopping,description,possible,adequate,insurance,register,department,building,activity,interview,explorer,everyone,
financial,republic,category,delivery,students,favourite,together,telephone,insurance,rejected,speaking,learning,marketing,department,property,professional,consequences,property,features,description,computers,effective,framework,execution,physical,
standard,membership,accessories,president,previous,transfer,everything,therefore,different,conjunction,notebook,delivery,environment,description,customer,problems,equation,customer,industry,property,includes,executive,whatever,examination,recently,
programs,background,application,includes,department,interface,advertising,christian,training,journalism,keyboard,original,statement,insurance,categories,companies,quarterly,different,accessories,customer,discussion,division,followed,extensive,probably,
performance,submitted,articles,discussion,description,beautiful,knowledge,publisher,categories,projectors,clicking,includes,document,different,conditions,computers,equipped,training,questions,different,solutions,investment,reviewed,expansion,opportunity,
language,established,feedback,provides,insurance,significant,magazine,hospital,conditions,projected,packaging,collection,material,training,category,president,acquired,categories,articles,training,resource,everyone,wonderful,flexible,especially,
important,subjects,complete,director,property,manufacturer,registered,technologies,register,journalists,textbooks,solutions,requirements,advanced,provided,provides,requiring,category,standard,categories,document,developed,newspaper,experimental,directly,
activities,beginning,financial,database,customer,football,listings,searches,industry,adjustments,drinking,electronics,economic,conditions,accessories,specific,headquarters,register,programs,conditions,requirements,navigation,webmaster,textbooks,authority,
additional,businesses,performance,district,different,modified,engineering,authority,provided,enjoying,blackjack,planning,commercial,industry,questions,planning,qualifications,features,activities,category,individual,evidence,anywhere,exception,strategy,
password,described,experience,calendar,categories,functions,designed,teaching,required,journalist,desktops,official,treatment,questions,application,applications,sequences,industry,password,register,function,favourite,wildlife,expensive,employees,
analysis,publishing,activities,downloads,advanced,yourself,although,photography,accessories,marijuana,workshops,technical,magazine,application,complete,projects,frequent,provided,something,features,subscribe,overview,interviews,explained,responsibility,
professional,websites,committee,document,category,specified,regional,graphics,questions,subjective,notebooks,calendar,customers,financial,programs,production,equations,required,question,industry,included,involved,watching,expertise,photography,
companies,paperback,reference,individual,register,families,exchange,northern,application,judiciary,bankruptcy,downloads,materials,standard,performance,protection,equality,accessories,analysis,questions,production,providing,tomorrow,exciting,yourself,
learning,breakfast,companies,included,features,references,anything,otherwise,articles,enjoyable,handbook,applications,remember,equipment,important,policies,squirting,articles,possible,application,currently,positive,downtown,exhibition,keywords,
original,baseball,computers,production,provided,definition,mortgage,membership,financial,projections,workplace,material,environmental,performance,additional,position,inquiries,standard,professional,articles,construction,alternative,awareness,existence,capacity,
entertainment,variable,includes,advertising,required,difference,according,character,equipment,prejudice,guestbook,individual,employment,language,password,published,enquiries,programs,problems,complete,published,vacation,swimming,explanation,secretary,
agreement,portable,discussion,received,accessories,facility,clothing,southern,experience,objectionable,spanking,included,commission,experience,something,corporate,quotations,performance,interest,standard,purchase,approved,northwest,experiment,employee,
messages,applicable,association,knowledge,questions,certificate,homepage,throughout,important,justification,rankings,commercial,administration,important,question,purchase,quarters,experience,companies,equipment,customers,television,wallpaper,expectations,facility,
marketing,basketball,specific,registered,articles,successful,starting,established,activities,justified,bookstore,newsletter,mortgage,additional,possible,response,quantities,important,computers,important,countries,creative,allowing,excellence,emergency,
association,assembly,collection,published,feedback,difficult,registration,teachers,additional,rejection,workforce,knowledge,homepage,something,professional,practise,subsequently,password,president,activities,discount,themselves,ownership,expanded,currency,
planning,obtained,director,hardware,complete,scientific,operating,relationship,something,enjoyment,weekends,currently,military,question,committee,political,consequently,professional,includes,additional,although,evaluation,blowjobs,experiments,particularly,
database,laboratory,electronics,designed,equipment,functional,navigation,themselves,question,judgement,necklace,policies,investment,building,problems,employment,quantitative,problems,discussion,something,supplies,respective,newspapers,flexibility,holidays,
official,eligible,official,discount,performance,manufacturing,existing,publishing,building,objection,soundtrack,listings,consumer,analysis,companies,supplies,questionnaire,interest,messages,question,institute,individuals,jewellery,extensions,dictionary,
technical,compatible,technical,standards,language,professor,significant,historical,analysis,jurisdictions,homework,wireless,multiple,professional,computers,sponsored,qualification,reference,association,committee,continue,relevant,workshops,explains,generally,
calendar,birthday,conference,advertise,experience,classifieds,technologies,holidays,possible,subjected,darkness,published,communications,interest,original,corporation,consequence,learning,provides,interest,solution,visitors,nationwide,exploration,attorney,
statement,breaking,district,administration,activities,informed,providing,architecture,professional,majestic,stockings,materials,documents,reference,discussion,particular,earthquake,delivery,specific,computers,executive,coverage,somewhat,examined,quantity,
downloads,combined,calendar,sponsored,something,platform,programme,thinking,committee,adjusting,stickers,political,communication,companies,association,homepage,requesting,computers,solutions,president,particular,automotive,workplace,complexity,immediately,
applications,combination,resource,condition,question,affiliate,strategy,hardcore,interest,objections,cookbook,environmental,medicine,learning,provides,opportunities,prerequisite,president,electronics,entertainment,opportunities,developing,wallpapers,exercises,recovery,
material,libraries,applications,addition,possible,configuration,teaching,techniques,companies,journeys,unlikely,availability,accommodation,president,collection,appropriate,boutique,original,database,agreement,actually,provider,elsewhere,expenditure,identify,
individual,distributed,document,according,professional,affiliates,processing,chemical,learning,injected,nickname,although,assessment,original,solutions,multiple,equilibrium,entertainment,district,marketing,consumer,providers,warehouse,excluding,approximately,
commercial,bookmark,function,decision,committee,certified,photography,characters,delivery,janitorial,mistakes,employment,manufacturer,includes,director,potential,qualifying,agreement,statement,association,furniture,administrative,shareware,expenditures,automatically,
advertising,buildings,economic,division,problems,breakfast,graphics,thousands,president,injustice,undertaken,regional,programme,discussion,electronics,responsible,qualities,marketing,downloads,collection,structure,recovery,southwest,explicit,yesterday,
treatment,batteries,projects,distribution,interest,identify,background,thoughts,original,injections,paperbacks,supplies,employees,entertainment,official,independent,frequencies,provides,resource,solutions,multiple,comprehensive,somewhere,exceptional,completely,
archives,subscription,subscribe,industrial,reference,offering,throughout,machines,includes,adjoining,keyboards,electronic,components,agreement,conference,approach,aquarium,director,applications,director,distribution,universal,whenever,exterior,warranty,
magazine,gambling,included,featured,companies,manufacturers,programming,merchant,discussion,adjourned,bookmarks,selection,academic,marketing,environment,physical,acquisitions,electronics,requirements,electronics,industrial,vehicles,bandwidth,exchanges,assembly,
corporate,liability,production,associated,learning,powerful,regarding,comprehensive,entertainment,joystick,backgrounds,solution,completed,association,downloads,operating,inadequate,conference,projects,database,featured,improvement,reviewer,expanding,priority,
purchase,reasonable,commercial,foundation,delivery,identified,understanding,vehicles,marketing,majordomo,breakdown,clothing,mountain,collection,resource,developed,quotation,environment,subscribe,technical,communications,interactive,answered,executed,payments,
practise,broadband,received,friendly,computers,professionals,beginning,challenge,association,injunction,bookings,particular,disclaimer,solutions,applications,telephone,critique,district,advertising,environment,foundation,developer,firewall,exceptions,anonymous,
hardware,webmaster,archives,schedule,president,framework,progress,leadership,provides,trajectory,remarkable,military,membership,electronics,document,population,equatorial,calendar,newsletter,district,schedule,movement,switches,taxation,frequently,
materials,objectives,currently,documents,includes,frequently,interesting,matching,specific,,livestock,facilities,modified,planning,together,operations,adequately,resource,archives,statement,documents,approval,weddings,extraordinary,laboratory,
standards,establish,construction,independent,entertainment,festival,galleries,headlines,collection,,thickness,actually,recommended,technical,function,probably,qualitative,material,construction,applications,communication,adventure,township,exclusively,ministry,
political,lesbians,protection,medicine,agreement,followed,agencies,wholesale,solutions,,blackberry,releases,maintenance,conference,economic,publications,prerequisites,requirements,registered,document,population,variable,freeware,expressions,birthday,
increase,describe,policies,developed,messages,specifications,networking,workshop,director,,thanksgiving,multiple,trademarks,environment,projects,publisher,etiquette,together,policies,material,favourite,advertisement,commonwealth,executives,slightly,
advertise,variables,corporate,evidence,marketing,flat,magazines,lighting,electronics,,stakeholders,industrial,submitted,calendar,production,properties,questioned,projects,position,requirements,understand,advantage,workforce,exploring,frequency,
environmental,printable,purchase,understand,provides,favourites,packages,straight,planning,,acknowledge,potential,programming,statement,commercial,hospital,inequality,subscribe,listings,together,publications,interview,everywhere,exhibitions,displayed,
availability,observed,customers,worldwide,specific,officials,guidelines,changing,official,,earthquake,responsible,instruments,downloads,knowledge,opportunity,sequential,everything,wireless,function,publisher,festival,housewares,exhibits,accuracy,
activity,celebrity,practise,introduction,collection,profiles,regulations,whatever,technical,,checklist,friendly,sometimes,applications,construction,especially,uniquely,production,published,projects,introduction,whatever,slideshow,fixtures,pharmacy,
although,biography,countries,accommodation,director,frequency,coverage,checkout,environment,,textbook,schedule,families,document,protection,partners,exquisite,commercial,purchase,everything,opportunity,provisions,wrestling,excluded,originally,
regional,notebook,discount,distance,electronics,performed,publishing,handling,district,,striking,physical,themselves,requirements,policies,operation,acquiring,advertising,customers,production,restaurants,negative,downloaded,approximate,philosophy,
administration,disabled,political,involved,database,forecast,emergency,partnership,applications,,blocking,developed,implementation,individual,position,patients,questioning,received,response,advertising,beautiful,favourites,underwear,excessive,secondary,
exchange,becoming,increase,selected,technical,portfolio,developing,birthday,material,,acknowledged,telephone,employee,function,corporate,providing,equestrian,treatment,practise,treatment,manufacturer,representative,browsing,unexpected,majority,
anything,objective,activity,directly,conference,infrastructure,ringtones,slightly,requirements,,benchmark,population,magazines,economic,customers,programme,turquoise,newsletter,materials,newsletter,authority,reviewed,drawings,exemption,previously,
mortgage,contribute,commission,providing,environment,officers,settings,relationships,individual,,workstation,recently,elements,included,response,enterprise,equitable,archives,designed,currently,educational,violence,weekends,extending,contemporary,
corporation,brothers,contents,considered,calendar,referred,monitoring,pharmacy,function,,undertake,probably,minister,everything,countries,positive,squadron,currently,countries,construction,resolution,delivered,switching,explicitly,certainly,
addition,submission,exchange,educational,statement,wonderful,graduate,chairman,economic,,likewise,publications,documentation,production,discount,employees,mosquito,construction,discount,registered,publication,exclusive,footwear,transsexual,liability,
necessary,contributions,electronic,academic,resource,certification,thinking,philosophy,subscribe,,likelihood,worldwide,automotive,advertising,political,processing,sequencing,registered,standards,protection,republic,prevention,wellness,extraction,identity,
according,disability,continue,completed,document,influence,accounting,healthcare,included,,playback,publisher,communities,treatment,environmental,responsibility,conquest,protection,increase,position,mountain,convention,previews,textbook,specifically,
particular,bulletin,condition,expected,material,specifically,manufacturing,strength,everything,,workflow,hospital,emergency,newsletter,although,publication,aquaculture,engineering,advertise,listings,background,previously,wondering,explosion,encyclopedia,
homepage,affordable,effective,consider,requirements,finished,generally,daughter,production,,spokesman,excellent,determine,knowledge,employment,photography,questionable,wireless,commission,corporate,functions,improved,homework,explaining,employer,
military,databases,selection,proposed,together,certificates,religion,household,commercial,,knitting,involved,temperature,magazine,commission,republic,equivalents,corporate,contents,customers,southern,provision,downloadable,sexuality,extremely,
facilities,publishers,corporation,reported,economic,differences,generation,finished,advertising,,attacked,especially,announcements,currently,contents,components,earthquakes,purchase,supplies,practise,yourself,relative,microwave,exclusion,chemistry,
appropriate,keyboard,executive,disclaimer,projects,aircraft,guarantee,establish,received,,cocktail,selected,commerce,construction,regional,completed,consequential,customers,administration,materials,pressure,conversion,showcase,expiration,advisory,
actually,suitable,necessary,modified,subscribe,conflict,meetings,happened,archives,,packaged,beautiful,monitoring,protection,administration,graphics,requisite,response,institute,countries,submitted,revision,fellowship,examining,anywhere,
statistics,absolutely,according,released,included,affected,congress,paragraph,magazine,,brackets,locations,recommend,position,sponsored,expected,bouquets,practise,sponsored,discount,purposes,conservation,widescreen,experiencing,psychology,
starting,contribution,clothing,recommended,everything,favourite,argument,mathematics,construction,,weaknesses,technologies,manufacturing,listings,electronic,proposed,squirrel,hardware,benefits,standards,throughout,discover,warnings,textiles,elementary,
registration,reliable,particular,detailed,commercial,identification,creating,heritage,registered,,slipknot,directly,permission,engineering,continue,reported,acquires,materials,selection,political,instructions,evolution,downloading,sexually,glossary,
contract,biological,decision,approved,advertising,wildlife,generated,searching,protection,,asterisk,educational,measures,response,condition,transportation,liquidity,countries,solution,advertise,subjects,objectives,withdrawal,excitement,celebrity,
releases,diabetes,facilities,background,received,enforcement,thoughts,characteristics,policies,,kindergarten,football,chemical,designed,selection,politics,questionnaires,remember,necessary,environmental,understanding,competitive,swingers,relaxation,pregnancy,
industrial,flexible,actually,trademarks,treatment,financing,reporting,chemistry,position,,necklaces,employees,component,countries,mortgage,membership,equivalence,standards,decision,availability,requires,receiving,meanwhile,inexpensive,biography,
potential,comfortable,statistics,submitted,newsletter,efficiency,designated,anywhere,listings,,landmark,alternative,meetings,discount,corporation,approved,liquidation,increase,facilities,activity,instruments,reservations,statewide,examinations,efficiency,
featured,textbooks,consumer,keywords,archives,efficient,integrated,psychology,engineering,,stocking,responsibility,username,standards,solution,pressure,adequacy,advertise,opportunities,although,businesses,versions,warranties,examines,discovery,
communications,accessibility,structure,interested,knowledge,qualified,configuration,chequing,wireless,,backyard,resolution,argument,increase,addition,purposes,headquartered,environmental,division,employment,restaurant,investigation,browsers,bisexual,lifestyle,
associated,subscriptions,contract,established,magazine,classified,languages,hardcover,published,,backpack,publication,competition,environmental,according,programming,quilting,regional,statistics,contents,procedures,favourite,witnesses,expressly,inventory,
foundation,broadcast,communications,regarding,currently,confidence,campaign,channels,practise,,blankets,relations,apartments,employment,clothing,capacity,equities,administration,investment,administration,evaluation,developers,lightweight,megapixel,regulatory,
communication,accessible,associated,increased,registered,lifestyle,challenge,chocolate,materials,,weakness,republic,administrative,commission,homepage,specified,quarterback,sponsored,starting,institute,literature,equivalent,wilderness,expecting,territory,
approach,possibly,schedule,understanding,protection,affordable,strategies,authorities,designed,,overstock,completed,informed,contents,decision,procedures,qualifies,electronic,registration,electronic,individuals,variables,breakdown,expedition,disability,
physical,unsubscribe,documents,specified,policies,performing,computing,biography,countries,,fireworks,politics,platform,regional,opportunities,relationship,picturesque,mortgage,consumer,continue,guidelines,advisory,wellington,toxicity,properly,
operating,sustainable,communication,procedures,engineering,findings,religious,historic,discount,,soundtracks,disclaimer,immediately,administration,division,progress,critiques,corporation,structure,benefits,regulations,investor,wrapping,relaxing,keyboard,
population,bathroom,approach,traditional,wireless,featuring,printing,attached,political,,undertaking,released,machines,institute,appropriate,transport,ubiquitous,necessary,releases,anything,documentation,hardcover,wherever,extracted,absolutely,
